{"stats":{"minecraft:picked_up":{"minecraft:rotten_flesh":1,"minecraft:enchanted_book":2,"minecraft:heavy_weighted_pressure_plate":1},"minecraft:used":{"minecraft:golden_apple":1,"lucky:lucky_block":49},"minecraft:dropped":{"minecraft:heavy_weighted_pressure_plate":1},"minecraft:custom":{"minecraft:open_chest":8,"minecraft:time_since_rest":421,"minecraft:crouch_one_cm":1683,"minecraft:damage_taken":950,"minecraft:sprint_one_cm":14661,"minecraft:play_time":9105,"minecraft:deaths":3,"minecraft:walk_one_cm":21876,"minecraft:damage_absorbed":40,"minecraft:sneak_time":809,"minecraft:drop":1,"minecraft:jump":57,"minecraft:eat_cake_slice":1,"minecraft:damage_dealt":2,"minecraft:leave_game":1,"minecraft:time_since_death":386,"minecraft:total_world_time":9105,"minecraft:fall_one_cm":3650,"minecraft:fly_one_cm":102672},"minecraft:mined":{"minecraft:fire":2,"lucky:lucky_block":4}},"DataVersion":3578}