{"stats":{"minecraft:crafted":{"minecraft:mangrove_planks":8,"minecraft:dark_oak_planks":12,"minecraft:lapis_lazuli":9},"minecraft:used":{"minecraft:water_bucket":12,"minecraft:prismarine":13,"minecraft:mangrove_planks":8,"minecraft:oak_planks":12,"lucky:lucky_sword":83,"minecraft:golden_apple":4,"minecraft:cake":1,"minecraft:obsidian":14,"minecraft:dark_oak_planks":12,"minecraft:black_wool":1,"minecraft:apple":1,"minecraft:firework_rocket":51,"minecraft:bread":2,"lucky:lucky_block":49,"minecraft:iron_axe":15,"minecraft:map":1,"minecraft:bucket":12,"minecraft:enchanted_golden_apple":1},"minecraft:killed":{"minecraft:pig":4,"minecraft:zombified_piglin":1,"minecraft:spider":2,"minecraft:rabbit":3,"minecraft:slime":1,"minecraft:sheep":1,"minecraft:chicken":1},"minecraft:mined":{"minecraft:jungle_planks":4,"minecraft:slime_block":7,"minecraft:fire":9,"minecraft:wheat":1,"lucky:lucky_block":52},"minecraft:killed_by":{"minecraft:player":8,"minecraft:zombie":1,"minecraft:slime":4},"minecraft:picked_up":{"minecraft:iron_trapdoor":2,"minecraft:ladder":1,"minecraft:magma_cream":7,"minecraft:nether_wart":9,"minecraft:prismarine_shard":23,"minecraft:water_bucket":2,"minecraft:golden_leggings":2,"minecraft:cooked_rabbit":1,"minecraft:enchanted_book":11,"minecraft:golden_boots":1,"minecraft:heavy_weighted_pressure_plate":1,"minecraft:string":4,"lucky:lucky_bow":1,"minecraft:iron_axe":1,"minecraft:item_frame":1,"minecraft:iron_shovel":1,"minecraft:magenta_wool":1,"minecraft:wheat_seeds":1,"minecraft:diamond_leggings":1,"minecraft:gold_nugget":3,"minecraft:bucket":5,"lucky:lucky_sword":1,"minecraft:rabbit_hide":5,"minecraft:cooked_chicken":4,"minecraft:ender_eye":8,"minecraft:diamond_helmet":1,"minecraft:iron_pickaxe":1,"minecraft:rabbit":5,"minecraft:enchanted_golden_apple":1,"minecraft:prismarine":19,"minecraft:ghast_tear":3,"minecraft:book":11,"minecraft:golden_helmet":3,"minecraft:milk_bucket":1,"minecraft:pumpkin":13,"minecraft:lava_bucket":1,"minecraft:porkchop":2,"minecraft:jungle_planks":4,"minecraft:cake":1,"minecraft:fermented_spider_eye":3,"minecraft:prismarine_crystals":23,"minecraft:sea_lantern":5,"minecraft:spider_eye":9,"minecraft:golden_chestplate":1,"minecraft:dragon_egg":1,"minecraft:rabbit_foot":10,"minecraft:iron_hoe":1,"minecraft:phantom_spawn_egg":1,"minecraft:diamond_shovel":1,"minecraft:arrow":2,"minecraft:rotten_flesh":1,"minecraft:diamond":20,"minecraft:golden_horse_armor":2,"minecraft:bookshelf":12,"minecraft:glistering_melon_slice":4,"minecraft:gold_ingot":9,"minecraft:jack_o_lantern":9,"minecraft:blaze_rod":2,"minecraft:black_wool":1,"minecraft:obsidian":14,"minecraft:mutton":1,"minecraft:blaze_powder":2,"minecraft:ender_pearl":12,"minecraft:oxeye_daisy":2},"minecraft:custom":{"minecraft:inspect_dropper":1,"minecraft:mob_kills":15,"minecraft:eat_cake_slice":1,"minecraft:leave_game":3,"minecraft:time_since_death":1072,"minecraft:damage_resisted":168,"minecraft:climb_one_cm":8859,"minecraft:time_since_rest":1114,"minecraft:sprint_one_cm":98376,"minecraft:damage_absorbed":320,"minecraft:damage_taken":8379,"minecraft:walk_one_cm":100833,"minecraft:drop":29,"minecraft:damage_dealt":2416,"minecraft:player_kills":5,"minecraft:fly_one_cm":195761,"minecraft:talked_to_villager":2,"minecraft:open_chest":21,"minecraft:crouch_one_cm":4391,"minecraft:play_time":37570,"minecraft:deaths":24,"minecraft:sneak_time":2077,"minecraft:walk_under_water_one_cm":5352,"minecraft:aviate_one_cm":482156,"minecraft:jump":503,"minecraft:walk_on_water_one_cm":7951,"minecraft:enchant_item":1,"minecraft:total_world_time":37570,"minecraft:fall_one_cm":48799},"minecraft:dropped":{"minecraft:enchanted_book":2,"minecraft:golden_helmet":2,"minecraft:nether_wart":6,"minecraft:feather":2,"minecraft:rotten_flesh":1,"minecraft:phantom_spawn_egg":1,"minecraft:blaze_powder":2,"minecraft:rabbit_foot":6,"minecraft:lava_bucket":1,"minecraft:filled_map":1,"minecraft:heavy_weighted_pressure_plate":1,"minecraft:wooden_axe":1,"minecraft:golden_leggings":1,"minecraft:jack_o_lantern":9,"minecraft:gold_nugget":1,"minecraft:spider_eye":3,"minecraft:pumpkin":13,"minecraft:wooden_pickaxe":1,"minecraft:string":4}},"DataVersion":3578}