{"stats":{"minecraft:killed":{"minecraft:wolf":1,"minecraft:zombified_piglin":4,"minecraft:witch":1,"minecraft:guardian":1,"minecraft:zombie":1},"minecraft:dropped":{"minecraft:red_concrete":8,"minecraft:porkchop":16,"minecraft:ancient_debris":4,"minecraft:lime_concrete":8,"minecraft:netherite_chestplate":1,"minecraft:rotten_flesh":2,"minecraft:flower_banner_pattern":1,"minecraft:blue_concrete":8,"minecraft:green_concrete":8,"minecraft:creeper_banner_pattern":1,"minecraft:saddle":2,"minecraft:light_gray_concrete":8,"minecraft:light_blue_concrete":8,"minecraft:leather_chestplate":1,"minecraft:potato":26,"minecraft:piglin_banner_pattern":1,"minecraft:white_concrete":8,"minecraft:gold_nugget":1,"minecraft:iron_bars":3,"minecraft:globe_banner_pattern":1,"minecraft:black_concrete":8,"minecraft:written_book":1},"minecraft:used":{"minecraft:netherite_sword":23,"minecraft:netherite_chestplate":1,"minecraft:baked_potato":3,"minecraft:ender_pearl":2,"minecraft:leather_chestplate":1,"minecraft:netherite_helmet":1,"minecraft:magenta_wool":1,"minecraft:written_book":2},"minecraft:mined":{"minecraft:fire":9,"minecraft:yellow_stained_glass":30},"minecraft:custom":{"minecraft:mob_kills":9,"minecraft:leave_game":1,"minecraft:time_since_death":7541,"minecraft:damage_resisted":1420,"minecraft:time_since_rest":7568,"minecraft:sprint_one_cm":48781,"minecraft:damage_taken":315,"minecraft:walk_one_cm":49615,"minecraft:drop":23,"minecraft:damage_dealt":1480,"minecraft:fly_one_cm":60713,"minecraft:player_kills":1,"minecraft:open_chest":1,"minecraft:crouch_one_cm":627,"minecraft:play_time":11335,"minecraft:deaths":1,"minecraft:sneak_time":168,"minecraft:jump":318,"minecraft:walk_on_water_one_cm":95,"minecraft:total_world_time":11335,"minecraft:fall_one_cm":6910},"minecraft:picked_up":{"minecraft:leather_chestplate":3,"minecraft:light_blue_concrete":16,"minecraft:pink_wool":2,"minecraft:potato":26,"minecraft:enchanted_book":1,"minecraft:skull_banner_pattern":1,"minecraft:brown_concrete":16,"minecraft:ancient_debris":4,"minecraft:blue_concrete":16,"minecraft:shield":2,"minecraft:gray_concrete":16,"minecraft:lapis_lazuli":62,"minecraft:orange_concrete":8,"minecraft:name_tag":4,"minecraft:globe_banner_pattern":1,"minecraft:leather_boots":1,"minecraft:netherite_ingot":7,"minecraft:magenta_wool":2,"minecraft:creeper_banner_pattern":1,"minecraft:gold_nugget":19,"minecraft:netherite_sword":1,"minecraft:iron_ingot":42,"minecraft:stone_pickaxe":1,"minecraft:ender_eye":21,"minecraft:written_book":1,"minecraft:flower_banner_pattern":1,"minecraft:cyan_concrete":16,"minecraft:purple_concrete":16,"minecraft:tipped_arrow":3,"minecraft:pink_concrete":8,"minecraft:mojang_banner_pattern":1,"minecraft:stick":64,"minecraft:cooked_porkchop":9,"minecraft:yellow_concrete":16,"minecraft:red_wool":2,"minecraft:lime_concrete":16,"minecraft:poisonous_potato":36,"minecraft:porkchop":16,"minecraft:orange_wool":1,"minecraft:light_gray_concrete":16,"minecraft:rotten_flesh":2,"minecraft:stone_shovel":1,"minecraft:light_blue_wool":1,"minecraft:green_concrete":16,"minecraft:diamond":42,"minecraft:black_concrete":16,"minecraft:netherite_helmet":2,"minecraft:hay_block":13,"minecraft:white_concrete":16,"minecraft:saddle":4,"minecraft:gold_ingot":50,"minecraft:emerald":27,"minecraft:baked_potato":27,"minecraft:netherite_chestplate":2,"minecraft:piglin_banner_pattern":1,"minecraft:red_concrete":16,"minecraft:magenta_concrete":16,"minecraft:mutton":9,"minecraft:iron_bars":5,"minecraft:cod":14,"minecraft:white_wool":2,"minecraft:nether_star":1,"minecraft:ender_pearl":12}},"DataVersion":3578}