{"stats":{"minecraft:custom":{"minecraft:jump":25,"minecraft:open_chest":3,"minecraft:time_since_rest":4892,"minecraft:crouch_one_cm":110,"minecraft:leave_game":1,"minecraft:sprint_one_cm":3974,"minecraft:play_time":4892,"minecraft:time_since_death":4892,"minecraft:walk_one_cm":6949,"minecraft:sneak_time":185,"minecraft:total_world_time":4892,"minecraft:fly_one_cm":83749},"minecraft:picked_up":{"minecraft:green_banner":1},"minecraft:mined":{"minecraft:green_wall_banner":1},"minecraft:used":{"minecraft:green_banner":1,"lucky:lucky_block":40}},"DataVersion":3578}