{"stats":{"minecraft:picked_up":{"minecraft:stone_sword":1,"minecraft:anvil":2,"minecraft:iron_chestplate":1,"minecraft:iron_leggings":1,"minecraft:green_banner":1,"minecraft:golden_carrot":2,"minecraft:bone":1,"minecraft:rotten_flesh":2,"minecraft:stone_axe":1,"minecraft:diamond_sword":1,"minecraft:stone_pickaxe":1,"minecraft:iron_helmet":1,"minecraft:enchanted_book":14,"minecraft:beef":2,"minecraft:diamond_axe":1,"minecraft:mushroom_stew":1,"minecraft:melon":1,"minecraft:bread":2,"minecraft:baked_potato":1,"minecraft:skeleton_skull":1,"minecraft:iron_boots":1,"minecraft:stone_shovel":1},"minecraft:used":{"minecraft:diamond_sword":15,"lucky:lucky_block":53,"minecraft:green_banner":1},"minecraft:custom":{"minecraft:time_since_rest":1915,"minecraft:open_chest":4,"minecraft:crouch_one_cm":259,"minecraft:sprint_one_cm":6789,"minecraft:play_time":8546,"minecraft:walk_one_cm":22499,"minecraft:damage_taken":484,"minecraft:deaths":1,"minecraft:sneak_time":294,"minecraft:mob_kills":2,"minecraft:jump":39,"minecraft:damage_dealt":377,"minecraft:leave_game":4,"minecraft:time_since_death":1850,"minecraft:total_world_time":8546,"minecraft:damage_resisted":18,"minecraft:fly_one_cm":115959},"minecraft:mined":{"lucky:lucky_block":4,"minecraft:green_wall_banner":1},"minecraft:killed":{"minecraft:zombie":1}},"DataVersion":3578}