{"stats":{"minecraft:broken":{"minecraft:diamond_helmet":1},"minecraft:used":{"minecraft:dropper":8,"minecraft:melon":1,"minecraft:green_banner":1,"lucky:lucky_sword":64,"minecraft:cookie":1,"minecraft:golden_apple":6,"minecraft:jungle_planks":1,"minecraft:obsidian":23,"minecraft:lava_bucket":1,"minecraft:firework_rocket":42,"minecraft:bookshelf":5,"minecraft:quartz_slab":3,"lucky:lucky_block":54,"minecraft:quartz_block":8,"minecraft:light_gray_wool":1,"minecraft:diamond_sword":15,"minecraft:end_portal_frame":6,"minecraft:skeleton_skull":2,"lucky:lucky_potion":26},"minecraft:killed":{"minecraft:pig":1,"minecraft:zombified_piglin":1,"minecraft:spider":1,"minecraft:sheep":1,"minecraft:horse":1,"minecraft:zombie":1},"minecraft:mined":{"minecraft:sea_lantern":3,"minecraft:jungle_planks":1,"minecraft:glass":1,"minecraft:slime_block":5,"minecraft:green_wall_banner":1,"lucky:lucky_block":45},"minecraft:killed_by":{"minecraft:player":7,"minecraft:creeper":1,"minecraft:zombie":1},"minecraft:picked_up":{"minecraft:enchanting_table":1,"minecraft:iron_chestplate":2,"minecraft:leather_chestplate":1,"minecraft:feather":2,"minecraft:golden_carrot":3,"minecraft:ladder":9,"minecraft:anvil":2,"minecraft:rabbit_stew":1,"minecraft:water_bucket":1,"minecraft:salmon":1,"minecraft:leather":4,"minecraft:diamond_sword":2,"minecraft:end_portal_frame":6,"minecraft:potato":2,"minecraft:enchanted_book":15,"minecraft:mushroom_stew":2,"minecraft:heavy_weighted_pressure_plate":1,"minecraft:string":3,"lucky:lucky_bow":3,"lucky:lucky_potion":26,"minecraft:cooked_mutton":2,"minecraft:iron_leggings":2,"minecraft:quartz_slab":3,"minecraft:leather_boots":1,"minecraft:bone":1,"minecraft:zombie_head":2,"minecraft:apple":1,"minecraft:diamond_leggings":2,"lucky:lucky_sword":3,"minecraft:rabbit_hide":1,"minecraft:beef":2,"minecraft:stone_pickaxe":3,"minecraft:light_gray_wool":1,"minecraft:poppy":1,"minecraft:rabbit":2,"minecraft:diamond_helmet":1,"minecraft:stone_hoe":2,"minecraft:iron_boots":2,"minecraft:book":9,"minecraft:milk_bucket":1,"minecraft:dandelion":10,"minecraft:dropper":8,"minecraft:lava_bucket":1,"minecraft:porkchop":2,"minecraft:jungle_planks":1,"minecraft:melon":1,"minecraft:cookie":1,"minecraft:arrow":1,"minecraft:carrot":2,"minecraft:sugar":1,"minecraft:dragon_egg":1,"minecraft:prismarine_crystals":6,"minecraft:leather_helmet":1,"minecraft:quartz_block":16,"minecraft:green_banner":1,"minecraft:stone_shovel":3,"minecraft:stone_sword":3,"minecraft:diamond_shovel":1,"minecraft:rotten_flesh":5,"minecraft:diamond_chestplate":1,"minecraft:slime_block":5,"minecraft:stone_axe":3,"minecraft:pumpkin_pie":1,"minecraft:saddle":1,"minecraft:iron_helmet":1,"minecraft:golden_horse_armor":1,"minecraft:pink_tulip":6,"minecraft:diamond_axe":1,"minecraft:painting":4,"minecraft:golden_apple":1,"minecraft:bookshelf":5,"minecraft:bread":2,"minecraft:baked_potato":1,"minecraft:black_wool":1,"minecraft:mutton":5,"minecraft:obsidian":23,"minecraft:skeleton_skull":2},"minecraft:custom":{"minecraft:inspect_dropper":2,"minecraft:mob_kills":8,"minecraft:interact_with_crafting_table":1,"minecraft:damage_dealt_resisted":136,"minecraft:leave_game":5,"minecraft:time_since_death":136,"minecraft:climb_one_cm":10932,"minecraft:damage_resisted":59,"minecraft:time_since_rest":1003,"minecraft:sprint_one_cm":70677,"minecraft:walk_one_cm":106751,"minecraft:damage_taken":7026,"minecraft:damage_absorbed":210,"minecraft:drop":58,"minecraft:damage_dealt":2199,"minecraft:swim_one_cm":666,"minecraft:talked_to_villager":1,"minecraft:fly_one_cm":201158,"minecraft:player_kills":8,"minecraft:open_chest":15,"minecraft:crouch_one_cm":3570,"minecraft:sneak_time":1514,"minecraft:play_time":37331,"minecraft:deaths":24,"minecraft:walk_under_water_one_cm":2127,"minecraft:aviate_one_cm":279231,"minecraft:jump":411,"minecraft:walk_on_water_one_cm":8052,"minecraft:total_world_time":37331,"minecraft:fall_one_cm":55251},"minecraft:dropped":{"minecraft:enchanted_book":15,"minecraft:anvil":2,"minecraft:golden_horse_armor":1,"minecraft:feather":3,"minecraft:iron_helmet":1,"minecraft:prismarine_crystals":6,"minecraft:rotten_flesh":5,"minecraft:leather":2,"minecraft:diamond_shovel":1,"minecraft:slime_block":5,"minecraft:saddle":1,"minecraft:carrot":2,"minecraft:salmon":1,"minecraft:golden_apple":1,"minecraft:rabbit_hide":1,"minecraft:potato":2,"minecraft:leather_chestplate":1,"minecraft:heavy_weighted_pressure_plate":1,"minecraft:dragon_egg":1,"minecraft:iron_chestplate":1,"minecraft:quartz_block":8,"minecraft:rabbit":1,"minecraft:zombie_head":2,"minecraft:ladder":9,"minecraft:pumpkin_pie":1,"minecraft:rabbit_stew":1,"minecraft:gold_nugget":2,"minecraft:iron_leggings":2,"lucky:lucky_bow":1,"minecraft:painting":4,"minecraft:string":1,"minecraft:written_book":2,"minecraft:bucket":1,"minecraft:black_wool":1,"minecraft:pink_tulip":6}},"DataVersion":3578}