{"stats":{"minecraft:killed_by":{"minecraft:player":2},"minecraft:dropped":{"minecraft:gold_ore":2,"minecraft:leather_chestplate":1,"minecraft:golden_chestplate":1,"minecraft:sponge":1,"minecraft:green_concrete":8,"minecraft:black_concrete":8,"minecraft:light_blue_concrete":8,"minecraft:magenta_wool":1},"minecraft:used":{"minecraft:trident":31,"minecraft:prismarine":18,"minecraft:prismarine_stairs":6,"minecraft:zombie_spawn_egg":1,"minecraft:gold_ore":1,"minecraft:dark_prismarine_slab":1,"minecraft:prismarine_bricks":13,"minecraft:prismarine_brick_stairs":3},"minecraft:mined":{"minecraft:jungle_leaves":1,"minecraft:yellow_stained_glass":42,"minecraft:magenta_wool":1},"minecraft:custom":{"minecraft:time_since_rest":1890,"minecraft:sprint_one_cm":38297,"minecraft:damage_taken":871,"minecraft:walk_one_cm":49395,"minecraft:drop":9,"minecraft:damage_dealt":92,"minecraft:fly_one_cm":41359,"minecraft:crouch_one_cm":76,"minecraft:sneak_time":35,"minecraft:play_time":10287,"minecraft:deaths":3,"minecraft:walk_under_water_one_cm":1066,"minecraft:jump":193,"minecraft:time_since_death":1849,"minecraft:walk_on_water_one_cm":664,"minecraft:total_world_time":10287,"minecraft:fall_one_cm":3109},"minecraft:picked_up":{"minecraft:lapis_ore":12,"minecraft:sponge":2,"minecraft:golden_helmet":2,"minecraft:prismarine_brick_stairs":10,"minecraft:leather_chestplate":2,"minecraft:nether_quartz_ore":20,"minecraft:light_blue_concrete":8,"minecraft:salmon":16,"minecraft:dropper":18,"minecraft:enderman_spawn_egg":3,"minecraft:enchanted_book":1,"minecraft:villager_spawn_egg":1,"minecraft:prismarine_bricks":32,"minecraft:ancient_debris":8,"minecraft:golden_boots":2,"minecraft:trident":1,"minecraft:shield":2,"minecraft:gold_ore":16,"minecraft:sea_lantern":16,"minecraft:lapis_lazuli":13,"minecraft:golden_chestplate":2,"minecraft:leather_helmet":2,"minecraft:dark_prismarine":42,"minecraft:cat_spawn_egg":3,"minecraft:cooked_salmon":6,"minecraft:dark_prismarine_slab":18,"minecraft:prismarine_wall":6,"minecraft:zombie_spawn_egg":2,"minecraft:netherite_ingot":4,"minecraft:skeleton_spawn_egg":3,"minecraft:nether_gold_ore":12,"minecraft:pufferfish":4,"minecraft:magenta_wool":2,"minecraft:coal_ore":8,"minecraft:green_concrete":8,"minecraft:cooked_cod":8,"minecraft:slime_ball":10,"minecraft:diamond":35,"minecraft:tropical_fish":6,"minecraft:black_concrete":8,"minecraft:dark_prismarine_stairs":5,"minecraft:iron_ingot":45,"minecraft:redstone_ore":22,"minecraft:iron_ore":12,"minecraft:gold_ingot":22,"minecraft:wolf_spawn_egg":3,"minecraft:emerald":38,"minecraft:netherite_chestplate":1,"minecraft:prismarine_stairs":12,"minecraft:prismarine_brick_slab":7,"minecraft:prismarine":31,"minecraft:ender_pearl":9,"minecraft:mutton":9,"minecraft:iron_bars":1,"minecraft:cod":14,"minecraft:diamond_ore":7,"minecraft:emerald_ore":12,"minecraft:enchanting_table":2,"minecraft:tipped_arrow":1}},"DataVersion":3578}