{"stats":{"minecraft:killed_by":{"minecraft:blaze":1},"minecraft:killed":{"minecraft:zombie":1},"minecraft:dropped":{"minecraft:enchanted_book":10,"minecraft:stone_axe":1,"minecraft:tipped_arrow":1,"minecraft:netherite_pickaxe":1,"minecraft:birch_fence":6,"minecraft:coal_ore":8,"minecraft:white_concrete":14,"minecraft:obsidian":1,"minecraft:stone_shovel":1,"minecraft:jungle_sapling":1,"minecraft:gold_nugget":1,"minecraft:villager_spawn_egg":1,"minecraft:ender_eye":7,"minecraft:stone_pickaxe":1,"minecraft:diamond_ore":7,"minecraft:stick":1920,"minecraft:stone_hoe":1},"minecraft:used":{"minecraft:netherite_sword":2,"minecraft:netherite_chestplate":1,"minecraft:ender_pearl":4,"minecraft:netherite_hoe":4,"minecraft:shield":6,"minecraft:ocelot_spawn_egg":2,"minecraft:netherite_pickaxe":21,"minecraft:enchanted_golden_apple":1},"minecraft:mined":{"minecraft:glass_pane":1,"minecraft:lime_concrete":1,"minecraft:obsidian":1,"minecraft:iron_bars":4,"minecraft:yellow_stained_glass":22},"minecraft:custom":{"minecraft:time_since_rest":3650,"minecraft:sprint_one_cm":53215,"minecraft:damage_absorbed":56,"minecraft:damage_taken":1064,"minecraft:walk_one_cm":61756,"minecraft:damage_blocked_by_shield":103,"minecraft:mob_kills":1,"minecraft:drop":57,"minecraft:damage_dealt":171,"minecraft:swim_one_cm":2785,"minecraft:fly_one_cm":73666,"minecraft:player_kills":1,"minecraft:open_chest":1,"minecraft:play_time":11274,"minecraft:deaths":2,"minecraft:walk_under_water_one_cm":1202,"minecraft:jump":219,"minecraft:leave_game":1,"minecraft:time_since_death":3611,"minecraft:walk_on_water_one_cm":663,"minecraft:total_world_time":11274,"minecraft:damage_resisted":392,"minecraft:fall_one_cm":2848},"minecraft:picked_up":{"minecraft:diamond_ore":21,"minecraft:tipped_arrow":3,"minecraft:light_blue_concrete":8,"minecraft:stick":1984,"minecraft:leather_chestplate":4,"minecraft:pumpkin":8,"minecraft:leather_leggings":2,"minecraft:potato":26,"minecraft:enchanted_book":41,"minecraft:villager_spawn_egg":4,"minecraft:trident":1,"minecraft:shield":1,"minecraft:gold_ore":5,"minecraft:netherite_pickaxe":1,"minecraft:leather_helmet":1,"minecraft:birch_fence":6,"minecraft:coal_ore":16,"minecraft:cooked_cod":4,"minecraft:stone_shovel":2,"minecraft:green_concrete":8,"minecraft:black_concrete":8,"minecraft:stone_axe":2,"minecraft:netherite_sword":1,"minecraft:iron_ingot":14,"minecraft:carved_pumpkin":14,"minecraft:stone_pickaxe":2,"minecraft:cyan_wool":2,"minecraft:white_concrete":14,"minecraft:ender_eye":21,"minecraft:jungle_sapling":3,"minecraft:jack_o_lantern":4,"minecraft:netherite_chestplate":2,"minecraft:mutton":11,"minecraft:netherite_hoe":2,"minecraft:obsidian":3,"minecraft:stone_hoe":3,"minecraft:cod":7,"minecraft:emerald_ore":6,"minecraft:ender_pearl":34}},"DataVersion":3578}