{"stats":{"minecraft:crafted":{"minecraft:lapis_lazuli":63},"minecraft:used":{"minecraft:prismarine":15,"minecraft:silverfish_spawn_egg":1,"minecraft:salmon":1,"minecraft:painting":4,"minecraft:milk_bucket":1,"minecraft:sea_lantern":7,"minecraft:firework_rocket":4,"minecraft:bookshelf":12,"minecraft:quartz_pillar":3,"lucky:lucky_block":43,"minecraft:iron_pickaxe":2,"minecraft:iron_axe":1,"minecraft:diamond_sword":91,"minecraft:cooked_rabbit":6,"minecraft:piglin_spawn_egg":1,"lucky:lucky_potion":35,"minecraft:potato":3},"minecraft:killed":{"minecraft:pig":3,"minecraft:skeleton":1,"minecraft:silverfish":1,"minecraft:villager":1},"minecraft:mined":{"minecraft:jungle_planks":5,"minecraft:fire":12,"minecraft:wheat":1,"minecraft:bookshelf":2,"lucky:lucky_block":32},"minecraft:killed_by":{"minecraft:player":2,"minecraft:zombie":1,"minecraft:slime":1},"minecraft:picked_up":{"minecraft:wooden_axe":1,"minecraft:iron_chestplate":2,"minecraft:nether_wart":7,"minecraft:magma_cream":6,"minecraft:ladder":6,"minecraft:prismarine_shard":15,"minecraft:salmon":1,"minecraft:leather_leggings":1,"minecraft:leather":2,"minecraft:golden_leggings":1,"minecraft:wooden_pickaxe":1,"minecraft:diamond_sword":2,"minecraft:beacon":1,"minecraft:potato":2,"minecraft:cooked_rabbit":6,"minecraft:enchanted_book":6,"minecraft:piglin_spawn_egg":1,"minecraft:wandering_trader_spawn_egg":1,"minecraft:golden_boots":1,"minecraft:elytra":1,"minecraft:wooden_hoe":1,"minecraft:wooden_sword":1,"minecraft:string":2,"lucky:lucky_bow":2,"lucky:lucky_potion":35,"minecraft:iron_axe":1,"minecraft:iron_leggings":2,"minecraft:quartz_slab":11,"minecraft:iron_shovel":1,"minecraft:bone":13,"minecraft:bow":1,"minecraft:gold_nugget":8,"lucky:lucky_sword":1,"minecraft:silverfish_spawn_egg":1,"minecraft:beef":2,"minecraft:cooked_chicken":1,"minecraft:ender_eye":5,"minecraft:wooden_shovel":1,"minecraft:iron_pickaxe":1,"minecraft:rabbit":11,"minecraft:prismarine":15,"minecraft:iron_sword":8,"minecraft:iron_boots":2,"minecraft:book":18,"minecraft:ghast_tear":7,"minecraft:golden_helmet":2,"minecraft:stick":1,"minecraft:milk_bucket":1,"minecraft:lime_terracotta":16,"minecraft:dropper":8,"minecraft:lava_bucket":1,"minecraft:porkchop":10,"minecraft:jungle_planks":5,"minecraft:quartz_pillar":3,"minecraft:frog_spawn_egg":1,"minecraft:cookie":3,"minecraft:shulker_spawn_egg":1,"minecraft:carrot":1,"minecraft:fermented_spider_eye":13,"minecraft:golden_chestplate":1,"minecraft:spider_eye":11,"minecraft:sea_lantern":7,"minecraft:prismarine_crystals":15,"minecraft:dragon_egg":2,"minecraft:rabbit_foot":5,"minecraft:sugar":1,"minecraft:arrow":5,"minecraft:rotten_flesh":13,"minecraft:tropical_fish_spawn_egg":1,"minecraft:donkey_spawn_egg":1,"minecraft:iron_helmet":4,"minecraft:painting":4,"minecraft:bone_meal":13,"minecraft:glistering_melon_slice":2,"minecraft:bookshelf":12,"minecraft:saddle":1,"minecraft:golden_horse_armor":2,"minecraft:oak_button":3,"minecraft:blaze_rod":2,"minecraft:obsidian":5,"minecraft:blaze_powder":7,"minecraft:ender_pearl":6},"minecraft:custom":{"minecraft:mob_kills":6,"minecraft:leave_game":2,"minecraft:time_since_death":0,"minecraft:damage_resisted":612,"minecraft:climb_one_cm":12827,"minecraft:time_since_rest":581,"minecraft:sprint_one_cm":97110,"minecraft:damage_absorbed":81,"minecraft:damage_taken":5938,"minecraft:walk_one_cm":159943,"minecraft:drop":59,"minecraft:damage_dealt":1970,"minecraft:player_kills":4,"minecraft:swim_one_cm":2513,"minecraft:fly_one_cm":172031,"minecraft:talked_to_villager":1,"minecraft:open_chest":23,"minecraft:crouch_one_cm":978,"minecraft:play_time":36460,"minecraft:deaths":15,"minecraft:sneak_time":739,"minecraft:walk_under_water_one_cm":319,"minecraft:jump":370,"minecraft:aviate_one_cm":58139,"minecraft:walk_on_water_one_cm":2737,"minecraft:enchant_item":2,"minecraft:total_world_time":36460,"minecraft:fall_one_cm":53222},"minecraft:dropped":{"minecraft:shulker_spawn_egg":1,"minecraft:golden_boots":1,"minecraft:iron_sword":5,"minecraft:porkchop":9,"minecraft:golden_helmet":1,"minecraft:cooked_chicken":1,"minecraft:nether_wart":2,"minecraft:blaze_rod":2,"minecraft:ender_pearl":3,"lucky:lucky_block":1,"minecraft:golden_horse_armor":1,"minecraft:prismarine_shard":15,"minecraft:iron_helmet":2,"minecraft:lime_terracotta":16,"minecraft:rotten_flesh":4,"minecraft:prismarine_crystals":15,"minecraft:blaze_powder":2,"minecraft:ender_eye":3,"minecraft:elytra":1,"minecraft:carrot":1,"minecraft:wandering_trader_spawn_egg":1,"minecraft:rabbit_foot":2,"minecraft:golden_apple":2,"minecraft:donkey_spawn_egg":1,"minecraft:stick":1,"minecraft:oak_button":2,"minecraft:wooden_hoe":1,"minecraft:dropper":8,"minecraft:dragon_egg":2,"minecraft:wooden_axe":1,"minecraft:wooden_shovel":1,"minecraft:frog_spawn_egg":1,"minecraft:spider_eye":6,"minecraft:gold_nugget":4,"minecraft:wooden_sword":1,"minecraft:bone_meal":13,"minecraft:iron_axe":1,"minecraft:bow":1,"minecraft:wooden_pickaxe":1,"minecraft:beef":2,"minecraft:glistering_melon_slice":2,"minecraft:iron_pickaxe":1,"minecraft:magma_cream":6,"minecraft:iron_shovel":1,"minecraft:ghast_tear":4,"minecraft:string":2,"minecraft:fermented_spider_eye":8,"minecraft:bone":9}},"DataVersion":3578}