{"stats":{"minecraft:picked_up":{"lucky:lucky_potion":13,"minecraft:arrow":2,"minecraft:bone":9,"minecraft:prismarine_shard":15,"minecraft:rotten_flesh":4,"minecraft:painting":4,"minecraft:enchanted_book":2,"minecraft:cooked_chicken":1,"minecraft:bone_meal":13,"minecraft:carrot":1,"minecraft:fermented_spider_eye":7,"minecraft:prismarine":15,"minecraft:sea_lantern":7,"minecraft:prismarine_crystals":15,"minecraft:spider_eye":5,"minecraft:string":2,"lucky:lucky_bow":1},"minecraft:used":{"minecraft:sea_lantern":7,"lucky:lucky_block":43,"minecraft:painting":4,"lucky:lucky_potion":13},"minecraft:killed_by":{"minecraft:zombie":1},"minecraft:dropped":{"lucky:lucky_block":1},"minecraft:custom":{"minecraft:time_since_rest":1937,"minecraft:open_chest":9,"minecraft:crouch_one_cm":682,"minecraft:sprint_one_cm":4655,"minecraft:play_time":9743,"minecraft:walk_one_cm":31498,"minecraft:damage_taken":314,"minecraft:deaths":2,"minecraft:sneak_time":558,"minecraft:drop":1,"minecraft:jump":31,"minecraft:time_since_death":1905,"minecraft:total_world_time":9743,"minecraft:fly_one_cm":94529},"minecraft:mined":{"minecraft:fire":12,"lucky:lucky_block":4}},"DataVersion":3578}